"","A","B","C","D","E","F","G","H","L","M","N"
"Pocillopora_acuta_HIv2___RNAseq.g7366.t1",83,56,73,53,64,42,55,44,79,50,49
"Pocillopora_acuta_HIv2___RNAseq.g17108.t1",98,39,40,40,39,33,28,24,167,44,49
"Pocillopora_acuta_HIv2___RNAseq.g27786.t1",309,264,242,213,266,177,348,193,358,249,151
"Pocillopora_acuta_HIv2___RNAseq.g6132.t1",2499,1731,2111,1987,1850,1538,1651,1514,2649,1524,1374
"Pocillopora_acuta_HIv2___RNAseq.g26609.t2",5069,3273,3513,4017,4978,4240,3951,4189,6803,3998,3045
"Pocillopora_acuta_HIv2___RNAseq.g16321.t1",37,21,19,12,26,13,20,18,28,13,60
"Pocillopora_acuta_HIv2___RNAseq.g18114.t1",22,38,573,405,67,184,133,39,28,181,14
"Pocillopora_acuta_HIv2___RNAseq.g12805.t1",3746,4260,5433,5579,4537,5106,4936,4700,3577,5074,1622
"Pocillopora_acuta_HIv2___RNAseq.g25150.t1",28,25,33,9,37,8,11,15,32,17,71
"Pocillopora_acuta_HIv2___TS.g31736.t1",800,515,623,462,769,577,635,637,878,592,1064
"Pocillopora_acuta_HIv2___RNAseq.g30957.t1",268,302,225,248,208,230,149,191,730,179,310
"Pocillopora_acuta_HIv2___RNAseq.g7111.t1",210,95,28,20,43,87,204,86,321,87,203
"Pocillopora_acuta_HIv2___RNAseq.g24542.t1",303,136,116,154,185,122,142,153,263,152,171
"Pocillopora_acuta_HIv2___RNAseq.g1817.t1",280,468,475,507,345,467,473,464,265,379,109
"Pocillopora_acuta_HIv2___RNAseq.g10272.t2",1695,1452,1483,1339,1510,1338,1522,1225,2024,1336,848
"Pocillopora_acuta_HIv2___RNAseq.g4972.t1",8,6,367,216,27,117,66,5,8,67,0
"Pocillopora_acuta_HIv2___RNAseq.g18315.t1",122,193,225,215,186,209,201,180,148,225,61
"Pocillopora_acuta_HIv2___RNAseq.g28152.t1",249,936,248,937,830,933,355,897,338,519,101
"Pocillopora_acuta_HIv2___TS.g20669.t2",1622,1389,539,511,1380,1043,665,758,2602,767,1632
"Pocillopora_acuta_HIv2___RNAseq.g18197.t1",336,253,213,295,244,276,248,273,464,317,221
"Pocillopora_acuta_HIv2___RNAseq.g7959.t1",263,143,109,102,127,90,104,67,242,131,120
"Pocillopora_acuta_HIv2___RNAseq.g21401.t1",3773,4967,4648,7037,5479,7865,4089,9185,3585,7022,1041
"Pocillopora_acuta_HIv2___RNAseq.g7395.t1b",53,18,21,18,28,24,13,24,44,28,65
"Pocillopora_acuta_HIv2___RNAseq.g8589.t1",80,369,14911,12497,326,4407,1698,220,59,1447,65
"Pocillopora_acuta_HIv2___RNAseq.g10393.t1",152,666,680,529,308,408,364,498,174,363,68
"Pocillopora_acuta_HIv2___RNAseq.25613_t",1622,1311,965,930,895,1128,894,656,4333,640,1745
"Pocillopora_acuta_HIv2___RNAseq.g7238.t1",113,130,116,42,99,47,118,68,128,98,122
"Pocillopora_acuta_HIv2___RNAseq.g5987.t1",655,1182,1402,1962,1345,1395,1225,1047,607,1028,244
"Pocillopora_acuta_HIv2___RNAseq.g24558.t1",239,23,70,19,115,66,54,63,106,60,172
"Pocillopora_acuta_HIv2___RNAseq.g8336.t1",1756,802,478,641,1100,866,1001,765,1143,1174,1796
"Pocillopora_acuta_HIv2___RNAseq.g5300.t1",107,129,2100,1290,552,744,791,116,129,851,49
"Pocillopora_acuta_HIv2___TS.g26541.t1",77,27,11,9,10,6,42,15,125,34,54
"Pocillopora_acuta_HIv2___RNAseq.g20997.t1b",220,80,88,78,146,183,86,104,322,145,252
"Pocillopora_acuta_HIv2___RNAseq.g9823.t1",862,1519,1753,1068,2372,1837,1162,1974,668,1811,275
"Pocillopora_acuta_HIv2___RNAseq.g29382.t1",26,751,37,22,39,432,47,368,12,161,7
"Pocillopora_acuta_HIv2___RNAseq.g29441.t1",8867,6375,2462,4238,6025,5341,6036,5843,11369,4947,4660
"Pocillopora_acuta_HIv2___RNAseq.g304.t1",124,818,268,244,230,928,293,543,159,311,31
"Pocillopora_acuta_HIv2___RNAseq.g26446.t1",1723,3865,2867,4012,4078,3843,2844,3398,1763,2593,882
"Pocillopora_acuta_HIv2___RNAseq.g9198.t1",3,11,885,668,35,364,92,12,24,207,5
"Pocillopora_acuta_HIv2___RNAseq.g23081.t1",459,161,22,25,100,149,180,181,546,89,273
"Pocillopora_acuta_HIv2___RNAseq.g2164.t1",198,213,382,301,349,274,295,294,164,306,51
"Pocillopora_acuta_HIv2___RNAseq.g15862.t2a",8,7,26,13,22,11,11,6,24,5,102
"Pocillopora_acuta_HIv2___RNAseq.g23820.t1",4845,1094,3318,4051,1137,1390,1708,879,11145,847,5445
"Pocillopora_acuta_HIv2___RNAseq.g25279.t1",62,82,12963,10023,350,4166,759,63,55,1832,83
"Pocillopora_acuta_HIv2___RNAseq.g11097.t1",420,653,629,650,546,615,608,719,497,595,159
"Pocillopora_acuta_HIv2___RNAseq.g229.t1",43,11,8,2,9,16,22,14,41,6,95
"Pocillopora_acuta_HIv2___RNAseq.g14798.t1",2456,2420,2183,2045,1598,1998,2028,1624,4376,1801,1260
"Pocillopora_acuta_HIv2___RNAseq.g10905.t1",709,537,584,492,747,391,737,436,675,551,362
"Pocillopora_acuta_HIv2___RNAseq.g1696.t1",91,64,56,38,41,73,66,64,226,30,49
"Pocillopora_acuta_HIv2___RNAseq.g1728.t1",5262,2321,1082,1368,2186,1839,1732,2501,3156,2075,2637
"Pocillopora_acuta_HIv2___RNAseq.g21695.t1",210,538,661,604,463,490,650,312,199,548,58
"Pocillopora_acuta_HIv2___RNAseq.g16765.t1",307,492,628,870,461,598,679,407,261,637,48
"Pocillopora_acuta_HIv2___RNAseq.g5156.t1a",122,76,42,26,101,40,102,72,193,92,164
"Pocillopora_acuta_HIv2___RNAseq.g26329.t1",213,171,12547,6843,1466,3330,2516,93,223,3376,106
"Pocillopora_acuta_HIv2___RNAseq.g25451.t1",1721,1883,989,890,1087,664,870,915,2280,687,1163
"Pocillopora_acuta_HIv2___RNAseq.g30653.t1a",196,81,122,85,102,81,73,69,189,90,227
"Pocillopora_acuta_HIv2___RNAseq.g10267.t1",156,100,116,60,152,81,60,104,159,71,190
"Pocillopora_acuta_HIv2___RNAseq.26125_t",9307,3239,2481,2111,1203,5620,1307,3534,8310,2137,7298
"Pocillopora_acuta_HIv2___TS.g6825.t1",85,62,58,41,60,67,50,43,105,35,40
"Pocillopora_acuta_HIv2___RNAseq.g27289.t1",1050,1137,828,957,1049,533,980,736,1690,677,693
"Pocillopora_acuta_HIv2___RNAseq.g21582.t1",59,62,1875,1565,200,815,243,82,67,555,36
"Pocillopora_acuta_HIv2___TS.g21530.t1",3125,1822,4752,2286,1596,1466,3748,873,14631,1059,3571
"Pocillopora_acuta_HIv2___RNAseq.g7884.t1",27,45,61,58,63,35,52,59,22,59,4
"Pocillopora_acuta_HIv2___RNAseq.g19867.t1",15,71,360,413,16,511,59,43,0,106,8
"Pocillopora_acuta_HIv2___TS.g13327.t1",128,28,50,31,43,35,21,33,128,33,83
"Pocillopora_acuta_HIv2___RNAseq.g1969.t1",165,154,235,85,139,78,207,97,186,85,73
"Pocillopora_acuta_HIv2___RNAseq.g12168.t1",270,73,36,35,17,130,26,93,278,30,187
"Pocillopora_acuta_HIv2___RNAseq.g6187.t1",1145,1337,1811,1578,1736,1562,1498,1556,1114,1509,466
"Pocillopora_acuta_HIv2___RNAseq.g3519.t1",62,136,138,281,192,167,64,317,78,135,42
"Pocillopora_acuta_HIv2___RNAseq.g15097.t1",217,203,191,110,207,119,205,123,274,162,96
"Pocillopora_acuta_HIv2___RNAseq.g12964.t1",212,278,523,444,281,365,308,328,189,370,54
"Pocillopora_acuta_HIv2___RNAseq.g5554.t1",5221,3801,5868,3977,3911,3961,4703,3115,6404,3591,3508
"Pocillopora_acuta_HIv2___RNAseq.g13974.t1",26,28,2133,1763,101,602,296,23,49,466,13
"Pocillopora_acuta_HIv2___RNAseq.g30741.t1",9,12,816,522,29,152,160,25,11,103,9
"Pocillopora_acuta_HIv2___RNAseq.g12773.t1",278,154,217,166,126,165,94,141,351,111,199
"Pocillopora_acuta_HIv2___RNAseq.g5538.t1",234,277,202,336,183,340,177,324,215,350,61
"Pocillopora_acuta_HIv2___RNAseq.g18561.t1",142,39,42,40,39,45,78,39,285,60,222
"Pocillopora_acuta_HIv2___TS.g27426.t1",265,182,183,146,144,184,138,148,295,208,162
"Pocillopora_acuta_HIv2___RNAseq.g19484.t2",1335,374,224,154,113,675,168,231,1274,166,660
"Pocillopora_acuta_HIv2___RNAseq.g3939.t1",584,206,53,120,404,134,283,197,520,135,185
"Pocillopora_acuta_HIv2___RNAseq.g10694.t1",70,30,25,31,24,24,28,29,69,43,31
"Pocillopora_acuta_HIv2___RNAseq.g19553.t1",382,542,388,593,542,628,530,515,361,625,116
"Pocillopora_acuta_HIv2___RNAseq.g28154.t1",24,41,9,287,123,391,54,229,23,18,20
"Pocillopora_acuta_HIv2___TS.g16321.t2",16,30,34,122,27,57,19,23,12,29,4
"Pocillopora_acuta_HIv2___RNAseq.g11151.t1",50,131,18,19,79,23,95,27,128,25,39
"Pocillopora_acuta_HIv2___RNAseq.g18508.t2",27,60,9236,7352,205,1870,539,36,48,1130,31
"Pocillopora_acuta_HIv2___RNAseq.g18342.t1",1190,841,601,619,776,806,1067,698,2065,603,1067
"Pocillopora_acuta_HIv2___TS.g15380.t1",121,64,54,39,49,62,37,57,127,37,72
"Pocillopora_acuta_HIv2___TS.g18003.t1a",62,34,34,27,54,31,37,29,79,20,24
"Pocillopora_acuta_HIv2___RNAseq.g20365.t1",467,341,264,253,318,190,385,226,360,203,219
"Pocillopora_acuta_HIv2___RNAseq.g1906.t1",66,37,29,19,13,24,32,34,47,37,160
"Pocillopora_acuta_HIv2___RNAseq.g23641.t1",588,235,197,226,426,360,309,315,737,306,456
"Pocillopora_acuta_HIv2___RNAseq.g24147.t1",5227,6757,9494,11032,8089,10148,10002,6653,6188,9916,2181
"Pocillopora_acuta_HIv2___RNAseq.g22092.t1",7,158,14,484,165,193,57,151,61,497,3
"Pocillopora_acuta_HIv2___RNAseq.g5193.t1",350,193,206,222,264,192,194,227,318,239,160
"Pocillopora_acuta_HIv2___TS.g24016.t1",39,26,20,9,24,33,40,31,88,32,127
"Pocillopora_acuta_HIv2___RNAseq.g13097.t1",108,776,3699,5512,136,3232,617,305,227,686,44
"Pocillopora_acuta_HIv2___TS.g10005.t1",21,16,2545,2047,23,1111,250,13,0,432,10
"Pocillopora_acuta_HIv2___TS.g17019.t1",276,190,332,179,317,158,168,200,400,161,165
"Pocillopora_acuta_HIv2___RNAseq.g10268.t1",130,141,84,73,77,92,72,103,185,81,119
"Pocillopora_acuta_HIv2___TS.g5749.t1",481,329,395,337,403,326,385,277,500,399,262
"Pocillopora_acuta_HIv2___TS.g1755.t1",11,8,8,6,7,9,37,10,29,4,78
"Pocillopora_acuta_HIv2___RNAseq.g28766.t1",117,40,32,44,73,46,50,56,87,71,184
"Pocillopora_acuta_HIv2___RNAseq.g5377.t1",74,766,1723,2940,436,2653,925,714,134,579,61
"Pocillopora_acuta_HIv2___TS.g31497.t1",8,13,22,21,21,8,20,9,20,10,119
"Pocillopora_acuta_HIv2___RNAseq.g20836.t1",4632,4334,4136,3962,4445,3829,4233,3720,5146,3644,2254
"Pocillopora_acuta_HIv2___RNAseq.g10587.t1",1142,749,301,199,167,834,231,357,1413,245,1061
"Pocillopora_acuta_HIv2___RNAseq.g5017.t1",84,159,144,261,322,279,363,145,40,280,27
"Pocillopora_acuta_HIv2___RNAseq.g2793.t1a",30,22,34,23,35,23,30,4,75,15,37
"Pocillopora_acuta_HIv2___TS.g30183.t1",4209,9151,13578,17780,17309,13447,9194,18720,4541,10795,1397
"Pocillopora_acuta_HIv2___TS.g20718.t2",9383,9215,7266,5832,10276,6729,9777,7106,11800,8220,8730
"Pocillopora_acuta_HIv2___RNAseq.g8633.t1",274,219,200,185,209,149,213,172,238,157,128
"Pocillopora_acuta_HIv2___RNAseq.g15870.t1",219,167,69,59,288,95,247,118,271,119,148
"Pocillopora_acuta_HIv2___RNAseq.g22413.t1",314,57,8,9,48,64,16,89,297,45,183
"Pocillopora_acuta_HIv2___RNAseq.g26080.t1",0,132,34,42,14,103,16,56,9,24,0
"Pocillopora_acuta_HIv2___TS.g29982.t2",2594,1430,50,140,916,1049,1687,721,5333,484,3424
"Pocillopora_acuta_HIv2___RNAseq.g1877.t1",743,328,130,205,357,111,478,295,1079,287,475
"Pocillopora_acuta_HIv2___RNAseq.g21397.t2",613,331,269,299,349,322,279,431,579,373,276
"Pocillopora_acuta_HIv2___RNAseq.g24007.t1",1616,2564,2894,4573,4297,4362,3217,5608,1866,3843,772
"Pocillopora_acuta_HIv2___RNAseq.g28162.t1",239,335,925,654,458,508,532,317,220,549,62
"Pocillopora_acuta_HIv2___TS.g14238.t1",27,8,6,2,13,5,11,8,32,16,25
"Pocillopora_acuta_HIv2___TS.g21935.t1",37,12,22,11,13,5,18,9,29,12,9
"Pocillopora_acuta_HIv2___RNAseq.g27612.t1",25,14,11,0,12,10,6,8,29,6,55
"Pocillopora_acuta_HIv2___TS.g11629.t1a",39,91,1117,1941,101,2509,780,115,90,454,33
"Pocillopora_acuta_HIv2___RNAseq.g29731.t1",14,17,2167,1156,221,304,78,16,20,282,9
"Pocillopora_acuta_HIv2___RNAseq.g28359.t1",68,72,14537,6008,1656,2207,2726,59,17,2725,48
"Pocillopora_acuta_HIv2___TS.g27138.t1",341,126,124,157,147,113,175,79,285,133,157
"Pocillopora_acuta_HIv2___TS.g11521.t2a",532,801,761,833,639,686,618,820,503,683,196
"Pocillopora_acuta_HIv2___RNAseq.g16157.t1",2238,1372,25354,37431,1707,48683,9841,2931,1937,9021,1631
"Pocillopora_acuta_HIv2___TS.g14230.t1",68,18,27,19,30,38,33,14,77,24,72
"Pocillopora_acuta_HIv2___TS.g25063.t1a",212,352,475,502,449,407,361,433,246,443,150
"Pocillopora_acuta_HIv2___RNAseq.g18356.t1",1002,687,292,368,788,239,557,393,1304,411,492
"Pocillopora_acuta_HIv2___TS.g16836.t1",405,244,135,219,458,315,272,133,796,332,803
"Pocillopora_acuta_HIv2___RNAseq.g25214.t1",119,576,221,235,176,569,226,236,144,355,42
"Pocillopora_acuta_HIv2___RNAseq.g26954.t1",6075,6095,126896,101212,14843,31002,15589,17625,5206,20540,2009
"Pocillopora_acuta_HIv2___RNAseq.g13098.t1",236,1138,9174,12915,287,8232,1687,423,455,1563,97
"Pocillopora_acuta_HIv2___TS.g10175.t2b",445,274,282,159,680,161,464,273,495,301,332
"Pocillopora_acuta_HIv2___TS.g26913.t2a",1140,2038,2441,2038,1779,1831,1649,1898,1230,1619,333
"Pocillopora_acuta_HIv2___RNAseq.g16049.t1",6,11,128,121,22,25,22,11,3,17,0
"Pocillopora_acuta_HIv2___RNAseq.g13919.t1",108,58,5331,5167,367,2206,902,75,50,1211,50
"Pocillopora_acuta_HIv2___RNAseq.g29677.t1",35,480,148,70,47,390,77,282,56,199,17
"Pocillopora_acuta_HIv2___RNAseq.13561_t",618,876,960,905,919,952,704,833,631,795,228
"Pocillopora_acuta_HIv2___RNAseq.g29833.t1",195,146,2971,3006,358,1538,418,176,145,1189,64
"Pocillopora_acuta_HIv2___RNAseq.g29831.t1",631,573,13317,13174,1299,7171,1520,575,613,4821,286
"Pocillopora_acuta_HIv2___TS.g16866.t1",445,446,304,283,330,420,122,222,1138,230,388
"Pocillopora_acuta_HIv2___RNAseq.g30114.t1",140,292,347,298,263,355,243,236,116,265,63
"Pocillopora_acuta_HIv2___RNAseq.g10521.t1",3186,1955,2049,1181,3569,1435,1588,1131,2508,1536,1550
"Pocillopora_acuta_HIv2___RNAseq.g27475.t1",75,34,21,23,23,22,25,20,86,30,20
"Pocillopora_acuta_HIv2___RNAseq.g10523.t1",827,850,741,770,834,749,692,779,2515,605,795
"Pocillopora_acuta_HIv2___RNAseq.g24390.t1",383,386,395,337,276,281,470,211,603,290,353
"Pocillopora_acuta_HIv2___RNAseq.g7107.t1",736,622,845,508,596,484,666,376,1312,508,367
"Pocillopora_acuta_HIv2___RNAseq.g5407.t1",81,18,35,34,22,33,12,13,66,20,41
"Pocillopora_acuta_HIv2___RNAseq.g1911.t1",902,852,898,642,922,721,918,609,1014,755,420
"Pocillopora_acuta_HIv2___RNAseq.g8035.t1",46,32,17,23,30,20,23,29,120,21,40
"Pocillopora_acuta_HIv2___RNAseq.g5712.t1",249,362,621,564,387,388,402,403,218,469,101
"Pocillopora_acuta_HIv2___RNAseq.g9907.t1",69,60,99,54,49,20,105,37,159,60,105
"Pocillopora_acuta_HIv2___TS.g16179.t1",282,171,193,159,289,172,186,125,394,231,211
"Pocillopora_acuta_HIv2___RNAseq.g13917.t1",37,22,4466,4042,184,1494,413,74,38,959,48
"Pocillopora_acuta_HIv2___RNAseq.g22559.t1",8266,4300,1398,1894,5384,3450,3370,2722,7201,3514,11700
"Pocillopora_acuta_HIv2___TS.g8728.t1",35,20,29,6,23,16,15,4,26,17,27
"Pocillopora_acuta_HIv2___TS.g12676.t1",13,14,3063,1658,112,412,323,21,19,498,4
"Pocillopora_acuta_HIv2___RNAseq.g6938.t1",15025,13008,8514,5295,12773,9990,7095,5875,13726,5599,10410
"Pocillopora_acuta_HIv2___TS.g5122.t1b",45,243,196,213,392,82,198,198,41,151,18
"Pocillopora_acuta_HIv2___RNAseq.g3137.t1",388,266,136,125,240,146,177,157,422,233,203
"Pocillopora_acuta_HIv2___RNAseq.g17090.t1",69920,101062,88464,126221,133428,90245,91632,256469,80673,123335,22384
"Pocillopora_acuta_HIv2___TS.g1941.t1",9,94,157,118,15,82,35,26,13,37,0
"Pocillopora_acuta_HIv2___RNAseq.g25911.t1",270,393,95,81,169,141,150,138,427,104,198
"Pocillopora_acuta_HIv2___TS.g28528.t1b",65,15,16,9,34,8,29,36,65,19,87
"Pocillopora_acuta_HIv2___RNAseq.g9147.t1",956,1300,1439,1833,2399,1955,1664,2360,1018,2106,221
"Pocillopora_acuta_HIv2___TS.g1897.t1",233,217,92,64,289,62,223,61,259,126,104
"Pocillopora_acuta_HIv2___TS.g15720.t1",12,32,361,444,43,298,85,60,17,52,10
"Pocillopora_acuta_HIv2___RNAseq.g4886.t1",69,196,674,1252,228,1283,280,210,151,296,50
"Pocillopora_acuta_HIv2___RNAseq.g24120.t1",1362,2460,1148,3283,2931,1692,2243,5087,1470,3593,323
"Pocillopora_acuta_HIv2___TS.g27996.t1a",87,46,32,9,80,10,38,34,102,45,57
"Pocillopora_acuta_HIv2___RNAseq.6209_t",159,129,125,96,148,89,91,73,142,77,93
"Pocillopora_acuta_HIv2___TS.g798.t2",4613,1094,850,791,601,2493,836,1514,4136,1048,2993
"Pocillopora_acuta_HIv2___RNAseq.g10976.t1",805,6667,522,617,7764,9603,10590,8109,1008,10220,472
"Pocillopora_acuta_HIv2___TS.g25238.t1",2036,348,475,1277,437,220,319,311,6147,315,2868
"Pocillopora_acuta_HIv2___TS.g21597.t2",657,1269,1278,2571,1729,2784,1405,2430,746,1747,271
"Pocillopora_acuta_HIv2___TS.g13820.t1",10,12,1335,863,49,337,185,3,16,249,0
"Pocillopora_acuta_HIv2___RNAseq.g8318.t1b",358,248,247,201,255,240,184,241,331,177,198
"Pocillopora_acuta_HIv2___RNAseq.g28814.t1",68,47,3215,2576,279,835,477,53,47,779,46
"Pocillopora_acuta_HIv2___RNAseq.g29704.t1",10,4,1804,1227,67,626,213,17,4,297,15
"Pocillopora_acuta_HIv2___RNAseq.g1461.t1",4687,2476,3417,3438,3168,2999,2662,2489,6383,3466,4798
"Pocillopora_acuta_HIv2___RNAseq.g11050.t1",162,208,213,433,296,318,281,171,130,330,26
"Pocillopora_acuta_HIv2___RNAseq.g14107.t2",144,86,86,62,72,55,85,93,170,113,279
"Pocillopora_acuta_HIv2___RNAseq.g993.t1",524,449,7120,5675,826,7990,2727,1035,603,2607,128
"Pocillopora_acuta_HIv2___RNAseq.g7120.t1",206,286,147,150,274,130,300,190,345,142,254
"Pocillopora_acuta_HIv2___RNAseq.g938.t1",464,450,500,828,507,608,644,551,312,627,116
"Pocillopora_acuta_HIv2___RNAseq.g7684.t1",70,57,30,33,90,61,55,37,109,60,182
"Pocillopora_acuta_HIv2___RNAseq.g3522.t1",88,87,147,195,114,152,189,101,44,172,23
"Pocillopora_acuta_HIv2___RNAseq.g8697.t1",141,75,114,75,108,50,84,58,131,87,64
"Pocillopora_acuta_HIv2___RNAseq.g24894.t1",1586,1010,595,1195,1136,1105,940,937,3390,720,2110
"Pocillopora_acuta_HIv2___RNAseq.g20370.t1",632,459,476,450,454,393,465,405,590,480,411
"Pocillopora_acuta_HIv2___RNAseq.g11197.t2",444,293,390,396,343,303,376,226,522,254,419
"Pocillopora_acuta_HIv2___RNAseq.g20215.t1",391,215,201,196,252,168,247,195,593,211,208
"Pocillopora_acuta_HIv2___RNAseq.g22399.t1",407,186,319,274,143,334,105,203,647,172,534
"Pocillopora_acuta_HIv2___TS.g21127.t1c",2592,1700,1826,1624,1597,1590,2387,1309,3245,2127,2593
"Pocillopora_acuta_HIv2___RNAseq.g1893.t1c",2704,1806,2812,1974,1445,1454,1603,1563,3130,1312,1492
"Pocillopora_acuta_HIv2___TS.g31673.t1",869,436,362,365,482,515,566,601,1218,503,357
"Pocillopora_acuta_HIv2___TS.g25654.t1b",45,53,1849,1426,248,721,163,32,61,357,19
"Pocillopora_acuta_HIv2___RNAseq.g11006.t1",923,2561,2347,2623,1843,2751,1890,1772,1135,1561,420
"Pocillopora_acuta_HIv2___RNAseq.g15832.t1",377,868,582,1090,608,920,903,547,344,701,125
"Pocillopora_acuta_HIv2___RNAseq.g20784.t1",154,89,56,49,102,97,100,85,212,87,68
"Pocillopora_acuta_HIv2___RNAseq.g1606.t2",81,53,46,45,71,55,50,38,122,39,81
"Pocillopora_acuta_HIv2___RNAseq.g21942.t1",46,81,65,79,117,122,115,76,38,112,21
"Pocillopora_acuta_HIv2___RNAseq.g7985.t1",1310,2205,2173,1909,2534,1737,2729,2356,1353,1895,310
"Pocillopora_acuta_HIv2___RNAseq.g8039.t1",1658,469,166,225,746,289,632,474,1458,461,693
"Pocillopora_acuta_HIv2___RNAseq.g29414.t1",127,244,3472,4566,292,2499,1071,181,180,677,73
"Pocillopora_acuta_HIv2___RNAseq.g10989.t1",12,16,2353,1559,57,658,266,10,13,357,6
"Pocillopora_acuta_HIv2___RNAseq.g21489.t1",1369,328,58,167,205,355,116,139,4501,102,3893
"Pocillopora_acuta_HIv2___RNAseq.g14232.t1",225,1181,2987,2300,1846,1340,1114,1345,534,848,104
"Pocillopora_acuta_HIv2___RNAseq.g23449.t1",149,98,88,80,91,64,61,64,143,78,67
"Pocillopora_acuta_HIv2___TS.g24551.t1a",231,59,28,37,126,40,92,41,276,80,57
"Pocillopora_acuta_HIv2___TS.g24551.t1b",99,10,5,10,32,14,28,8,97,31,53
"Pocillopora_acuta_HIv2___RNAseq.g18198.t1",79,167,3281,2093,333,565,608,203,101,449,24
"Pocillopora_acuta_HIv2___RNAseq.g11551.t1",13,186,78,43,45,77,108,82,21,61,10
"Pocillopora_acuta_HIv2___RNAseq.g5130.t1",2573,2451,1802,1609,2271,1836,2179,1613,2682,1868,1308
"Pocillopora_acuta_HIv2___RNAseq.g7705.t1",172,236,182,244,274,254,249,376,131,244,52
"Pocillopora_acuta_HIv2___RNAseq.g6229.t1a",453,781,647,763,576,963,762,649,500,616,138
"Pocillopora_acuta_HIv2___RNAseq.g27639.t1",241,223,175,99,138,191,200,130,383,163,149
"Pocillopora_acuta_HIv2___RNAseq.g15237.t1",89,528,348,281,217,349,186,378,87,158,40
"Pocillopora_acuta_HIv2___RNAseq.g8173.t1",259,177,225,186,267,126,163,119,222,147,184
"Pocillopora_acuta_HIv2___RNAseq.g8573.t1",967,489,291,268,230,625,215,418,959,205,1182
"Pocillopora_acuta_HIv2___RNAseq.g13843.t1",1058,1476,2121,2329,1584,1738,1579,1545,1144,1744,426
"Pocillopora_acuta_HIv2___RNAseq.g9799.t1",136,263,392,718,505,411,393,321,126,240,36
"Pocillopora_acuta_HIv2___RNAseq.g3649.t1",14,18,22,31,24,62,15,44,15,40,9
"Pocillopora_acuta_HIv2___TS.g25997.t2",24,26,3570,2050,56,789,523,22,16,559,12
"Pocillopora_acuta_HIv2___TS.g2159.t1",11,8,16,3,9,6,31,7,12,7,59
"Pocillopora_acuta_HIv2___RNAseq.g10379.t1",65,27,40,20,29,22,47,13,97,25,75
"Pocillopora_acuta_HIv2___RNAseq.g6352.t1",14,39,309,189,46,108,79,29,16,105,2
"Pocillopora_acuta_HIv2___RNAseq.g2083.t1",1519,586,66,107,267,503,201,537,1501,246,749
"Pocillopora_acuta_HIv2___TS.g13413.t1",86,942,150,287,223,1109,284,578,79,197,24
"Pocillopora_acuta_HIv2___RNAseq.g5166.t1",40,27,19,12,34,14,12,9,37,23,33
"Pocillopora_acuta_HIv2___RNAseq.g322.t1",47,30,11,8,9,8,14,17,40,22,39
"Pocillopora_acuta_HIv2___RNAseq.g7399.t1",7,4,1973,1054,78,453,272,12,11,241,7
"Pocillopora_acuta_HIv2___RNAseq.g9795.t1",15,29,3192,2593,43,961,425,18,18,834,21
"Pocillopora_acuta_HIv2___RNAseq.g12234.t1",317,393,466,592,350,476,559,471,275,407,87
"Pocillopora_acuta_HIv2___RNAseq.g18316.t1",28,54,665,403,90,205,84,51,35,149,5
"Pocillopora_acuta_HIv2___RNAseq.g18760.t2",5449,9149,11481,10058,9718,7106,8502,9102,6409,7811,1782
"Pocillopora_acuta_HIv2___RNAseq.g8391.t1",889,809,737,663,840,637,989,772,1183,737,465
"Pocillopora_acuta_HIv2___RNAseq.g16145.t1",2354,1625,22019,33062,1461,42909,8809,2822,1630,7942,1550
"Pocillopora_acuta_HIv2___RNAseq.g5227.t1",4413,3198,1434,1876,1077,1409,1291,849,13515,1322,4147
"Pocillopora_acuta_HIv2___RNAseq.g23249.t1",894,728,790,503,784,628,775,530,1009,694,776
"Pocillopora_acuta_HIv2___TS.g25049.t1",70,121,1400,1169,198,383,321,76,89,344,19
"Pocillopora_acuta_HIv2___RNAseq.g4097.t1",5864,2632,1248,2378,5202,2797,3887,4793,5490,2273,13170
"Pocillopora_acuta_HIv2___TS.g28750.t1",168,53,25,21,33,73,40,41,182,37,55
"Pocillopora_acuta_HIv2___TS.g1598.t1",47,26,5,7,7,17,16,15,25,14,148
"Pocillopora_acuta_HIv2___TS.g15715.t1",234,1063,1011,1135,311,1079,1168,383,327,579,59
"Pocillopora_acuta_HIv2___TS.g8000.t1",377,1577,1338,1965,1677,1547,709,1543,503,1883,165
"Pocillopora_acuta_HIv2___RNAseq.g14496.t1",184,342,410,408,292,393,317,326,237,260,68
"Pocillopora_acuta_HIv2___RNAseq.g26048.t1",447,822,757,700,794,644,781,709,501,567,156
"Pocillopora_acuta_HIv2___RNAseq.g17433.t1",59,22,39,31,36,30,24,33,53,18,63
"Pocillopora_acuta_HIv2___RNAseq.g8786.t1",224,81,61,37,84,90,60,104,240,91,117
"Pocillopora_acuta_HIv2___RNAseq.g2074.t3",2836,2226,2900,2622,2639,2063,2297,1832,3534,1945,3977
"Pocillopora_acuta_HIv2___RNAseq.g28420.t1",85,41,72,53,52,39,96,38,150,55,124
"Pocillopora_acuta_HIv2___RNAseq.g7092.t1",55,30,32,16,19,29,31,20,67,20,32
"Pocillopora_acuta_HIv2___RNAseq.g3903.t1",3934,7092,9567,7906,6697,6739,9094,5691,4590,6994,1763
"Pocillopora_acuta_HIv2___TS.g21030.t2",420,654,1031,788,785,673,829,593,406,644,117
"Pocillopora_acuta_HIv2___RNAseq.g18964.t1",1300,902,478,441,1038,793,1055,757,2531,777,624
"Pocillopora_acuta_HIv2___RNAseq.g20834.t1",905,1767,17747,15807,2608,7327,3119,2963,942,3898,334
"Pocillopora_acuta_HIv2___RNAseq.g13377.t1",176,106,68,65,169,120,133,95,327,138,130
"Pocillopora_acuta_HIv2___TS.g29996.t1",2591,4187,1372,1543,2674,1272,1953,1638,5472,1356,2424
"Pocillopora_acuta_HIv2___RNAseq.g11609.t1",17893,41410,28470,31925,28614,38091,28057,40976,18398,27347,10040
"Pocillopora_acuta_HIv2___RNAseq.g4983.t1",140,94,102,85,129,71,116,89,153,65,135
"Pocillopora_acuta_HIv2___RNAseq.30677_t",160,281,373,484,271,367,220,326,190,214,74
"Pocillopora_acuta_HIv2___TS.g5404.t1",74,41,78,28,46,34,38,21,65,41,41
"Pocillopora_acuta_HIv2___RNAseq.g30881.t1",2,9,47,78,42,32,43,10,7,43,2
"Pocillopora_acuta_HIv2___RNAseq.10844_t",334,188,189,136,304,102,202,132,391,133,132
"Pocillopora_acuta_HIv2___RNAseq.g1909.t1",785,894,537,497,569,654,642,458,1241,590,392
"Pocillopora_acuta_HIv2___RNAseq.g8527.t1",68,480,107,300,69,632,82,207,63,140,31
"Pocillopora_acuta_HIv2___RNAseq.g19269.t1",188,158,133,109,190,120,119,157,289,115,248
"Pocillopora_acuta_HIv2___RNAseq.g8568.t1",14027,5648,3783,3003,1726,11363,2935,5866,14655,3200,15929
"Pocillopora_acuta_HIv2___TS.g28791.t2",101,57,75,61,29,55,35,26,154,43,103
"Pocillopora_acuta_HIv2___RNAseq.g11853.t1",326,532,544,482,551,520,497,502,405,497,97
"Pocillopora_acuta_HIv2___TS.g24859.t1",68,28,55,30,52,25,23,35,49,40,122
"Pocillopora_acuta_HIv2___RNAseq.g9585.t2",182,125,116,131,116,125,101,95,183,127,120
"Pocillopora_acuta_HIv2___RNAseq.g15568.t1",601,596,470,313,462,188,591,295,649,384,256
"Pocillopora_acuta_HIv2___TS.g20849.t2",164,44,40,51,35,78,47,69,76,60,102
"Pocillopora_acuta_HIv2___RNAseq.g6431.t1",106,75,43,53,51,32,53,53,86,50,70
"Pocillopora_acuta_HIv2___RNAseq.g28839.t1",247,687,427,625,634,921,333,561,219,372,59
"Pocillopora_acuta_HIv2___RNAseq.g13561.t1",381,1578,724,952,1686,1026,1236,724,577,984,201
"Pocillopora_acuta_HIv2___RNAseq.g3828.t1",112,134,7036,5874,284,2586,955,102,216,1802,78
"Pocillopora_acuta_HIv2___RNAseq.g11327.t1c",123,253,528,564,377,290,313,458,155,190,58
"Pocillopora_acuta_HIv2___TS.g1223.t1",797,658,504,411,934,436,556,625,845,576,722
"Pocillopora_acuta_HIv2___RNAseq.g25011.t1",135,195,4506,6988,109,5017,791,142,136,900,127
"Pocillopora_acuta_HIv2___RNAseq.g19560.t1",27,37,963,855,37,406,105,24,9,213,6
"Pocillopora_acuta_HIv2___RNAseq.g23657.t1",33,19,33,18,51,9,23,19,53,21,32
"Pocillopora_acuta_HIv2___RNAseq.g14949.t2",13,16,904,556,141,481,175,6,9,465,0
"Pocillopora_acuta_HIv2___RNAseq.g22854.t1",22,19,2246,1607,122,794,300,25,30,462,25
"Pocillopora_acuta_HIv2___RNAseq.g11631.t1",2945,2090,2227,2244,2311,2359,1627,2055,3558,2031,2079
"Pocillopora_acuta_HIv2___RNAseq.g4611.t1",1050,357,264,186,500,212,615,671,869,472,608
"Pocillopora_acuta_HIv2___TS.g21972.t1a",48,32,19,15,14,16,43,16,71,26,17
"Pocillopora_acuta_HIv2___RNAseq.g11327.t1b",10,32,81,53,84,30,36,53,14,27,4
"Pocillopora_acuta_HIv2___RNAseq.g17085.t1",398,85,106,72,27,65,143,74,295,71,191
"Pocillopora_acuta_HIv2___TS.g30037.t1b",97,82,49,46,76,68,47,37,149,58,83
"Pocillopora_acuta_HIv2___RNAseq.g16023.t1",362,235,330,232,307,204,368,189,452,226,209
"Pocillopora_acuta_HIv2___RNAseq.g3910.t1",9,43,2315,1520,53,557,159,34,34,303,25
"Pocillopora_acuta_HIv2___RNAseq.g23086.t1",25,55,79,9,108,35,92,18,138,16,114
"Pocillopora_acuta_HIv2___RNAseq.g17109.t1",839,367,449,446,311,382,119,325,1651,199,412
"Pocillopora_acuta_HIv2___RNAseq.g28234.t1",104,74,97,72,89,61,77,60,112,72,62
"Pocillopora_acuta_HIv2___TS.g26005.t1",262,255,86,45,249,124,140,122,276,183,343
"Pocillopora_acuta_HIv2___TS.g11514.t1",90,35,66,40,40,19,24,19,74,46,54
"Pocillopora_acuta_HIv2___TS.g10828.t1",572,894,997,823,978,671,950,720,402,753,195
"Pocillopora_acuta_HIv2___RNAseq.g24541.t1",38,33,20,40,31,25,47,22,88,32,96
"Pocillopora_acuta_HIv2___RNAseq.g2997.t1",32,7,7,4,17,12,10,10,26,5,22
"Pocillopora_acuta_HIv2___RNAseq.g17966.t1",338,161,84,97,201,65,158,66,365,84,241
"Pocillopora_acuta_HIv2___RNAseq.g22884.t1",2745,274,88,176,159,263,385,117,6231,179,2542
"Pocillopora_acuta_HIv2___RNAseq.g23149.t2",5214,3178,2907,2921,4117,3511,3587,3874,5578,4057,6667
"Pocillopora_acuta_HIv2___RNAseq.6286_t",89,226,120,223,217,259,251,186,110,242,21
"Pocillopora_acuta_HIv2___RNAseq.g30194.t1",5829,9485,6430,7903,8354,7795,7932,9250,5440,7330,2088
"Pocillopora_acuta_HIv2___RNAseq.g18645.t1",507,268,374,357,345,372,331,304,563,423,448
"Pocillopora_acuta_HIv2___RNAseq.g10799.t1b",66,75,49,20,51,29,116,46,61,40,125
"Pocillopora_acuta_HIv2___RNAseq.g23916.t1",583,245,367,376,212,307,215,201,575,237,229
"Pocillopora_acuta_HIv2___RNAseq.g6231.t1",38,26,14,15,33,9,28,17,50,29,89
"Pocillopora_acuta_HIv2___RNAseq.g3739.t1",392,716,560,581,705,504,506,575,385,537,152
"Pocillopora_acuta_HIv2___RNAseq.g16578.t1",312,132,189,165,159,155,90,111,314,122,229
"Pocillopora_acuta_HIv2___TS.g21628.t1",12,54,28,44,30,71,33,53,26,63,3
"Pocillopora_acuta_HIv2___RNAseq.g30215.t1",4857,2593,789,1024,3163,2061,2272,1647,4541,2007,7986
"Pocillopora_acuta_HIv2___RNAseq.g25624.t1",265,174,197,219,180,122,179,134,353,226,330
"Pocillopora_acuta_HIv2___TS.g179.t1",17,69,7180,4185,877,1443,1271,21,44,1573,37
"Pocillopora_acuta_HIv2___RNAseq.g28745.t1",42,97,100,112,88,110,127,82,71,128,24
"Pocillopora_acuta_HIv2___RNAseq.g15911.t1",160,298,455,609,316,371,383,227,165,433,59
"Pocillopora_acuta_HIv2___RNAseq.g15126.t1",9989,3486,6937,8172,3058,4219,3783,2402,17256,2899,10157
"Pocillopora_acuta_HIv2___RNAseq.g19772.t1",1257,390,466,310,379,428,315,365,1470,487,690
"Pocillopora_acuta_HIv2___RNAseq.g15543.t1",362,573,982,1054,648,680,569,445,343,660,126
"Pocillopora_acuta_HIv2___RNAseq.1568_t",1482,1490,2161,1241,1200,1388,1651,863,3769,993,1913
"Pocillopora_acuta_HIv2___TS.g16789.t2",215,81,145,76,144,84,78,142,229,84,217
"Pocillopora_acuta_HIv2___RNAseq.g15307.t1",34,118,58,149,109,107,259,73,13,202,12
"Pocillopora_acuta_HIv2___TS.g15363.t1",7,0,1981,1443,99,517,161,9,6,185,6
"Pocillopora_acuta_HIv2___RNAseq.g14673.t1",60,83,125,79,149,99,95,133,17,109,17
"Pocillopora_acuta_HIv2___RNAseq.g17246.t1",437,162,33,20,37,176,67,125,482,76,216
"Pocillopora_acuta_HIv2___TS.g11630.t1",37,961,726,1243,263,2005,420,435,141,494,42
"Pocillopora_acuta_HIv2___TS.g28688.t1b",32,300,231,333,40,380,30,79,47,135,8
"Pocillopora_acuta_HIv2___RNAseq.g5391.t1",3646,1900,2474,1487,1642,1024,5186,1526,6723,1764,1837
"Pocillopora_acuta_HIv2___RNAseq.g1999.t1",342,58,15,20,25,75,94,37,406,35,208
"Pocillopora_acuta_HIv2___TS.g22690.t1",2359,4306,7180,6529,3587,4964,3788,4841,2653,3639,796
"Pocillopora_acuta_HIv2___RNAseq.g29529.t1",496,741,765,656,813,667,656,756,556,721,211
"Pocillopora_acuta_HIv2___RNAseq.g1910.t1",58,1851,23,317,823,648,183,1432,61,445,15
"Pocillopora_acuta_HIv2___TS.g22073.t1",31,73,125,177,76,156,115,85,22,83,19
"Pocillopora_acuta_HIv2___RNAseq.g21356.t1",452,497,1016,973,487,742,652,719,456,845,109
"Pocillopora_acuta_HIv2___RNAseq.g5982.t1",307,184,151,83,163,174,118,111,401,170,132
"Pocillopora_acuta_HIv2___RNAseq.g22412.t2",227,79,72,46,112,42,91,13,267,117,52
"Pocillopora_acuta_HIv2___RNAseq.g7877.t2",196,116,181,117,150,107,128,106,193,132,102
"Pocillopora_acuta_HIv2___TS.g29364.t1",187,100,163,98,126,141,96,99,220,90,109
"Pocillopora_acuta_HIv2___RNAseq.g326.t1",180,44,35,30,51,80,46,81,242,33,60
"Pocillopora_acuta_HIv2___RNAseq.g25760.t2",2997,1378,1034,1410,1977,1839,1583,1432,2567,1788,2634
"Pocillopora_acuta_HIv2___RNAseq.g19610.t1",90,97,491,627,100,448,181,80,57,320,27
"Pocillopora_acuta_HIv2___RNAseq.g7887.t1",192,125,186,134,149,103,143,103,213,139,118
"Pocillopora_acuta_HIv2___RNAseq.g14244.t1",605,764,936,948,819,868,993,943,769,909,236
"Pocillopora_acuta_HIv2___RNAseq.g16099.t1",97,60,2439,2349,192,1308,355,126,123,944,47
"Pocillopora_acuta_HIv2___RNAseq.g23290.t1",476,250,314,227,271,257,272,228,430,357,395
"Pocillopora_acuta_HIv2___RNAseq.g21754.t2a",2030,3053,2405,2547,2773,2519,2811,2656,1907,2582,563
"Pocillopora_acuta_HIv2___RNAseq.g6942.t1a",504,249,238,179,332,266,800,186,853,527,1524
"Pocillopora_acuta_HIv2___RNAseq.g19506.t1",1069,639,1129,820,919,606,992,691,1245,799,1229
"Pocillopora_acuta_HIv2___RNAseq.g14175.t1",1523,13434,2633,2656,2721,10088,3072,10407,2352,7324,831
"Pocillopora_acuta_HIv2___RNAseq.g25579.t1",172,119,51,50,103,57,164,59,143,81,156
"Pocillopora_acuta_HIv2___RNAseq.g27341.t1",368,591,587,593,508,567,536,506,378,490,133
"Pocillopora_acuta_HIv2___TS.g16547.t2a",214,96,63,70,117,81,80,70,188,42,42
"Pocillopora_acuta_HIv2___RNAseq.g6835.t1",65,46,3,18,72,11,39,33,134,43,121
"Pocillopora_acuta_HIv2___RNAseq.g12346.t1",492,924,926,901,921,782,714,795,492,720,196
"Pocillopora_acuta_HIv2___RNAseq.g13681.t1",5043,3527,2738,3033,2805,3575,3095,2509,8096,2634,2301
"Pocillopora_acuta_HIv2___RNAseq.g24695.t1",902,906,953,611,943,513,993,799,987,695,454
"Pocillopora_acuta_HIv2___RNAseq.g22295.t2",135,220,238,221,217,275,200,254,169,252,82
"Pocillopora_acuta_HIv2___RNAseq.g5818.t1",4178,2904,1955,2109,1770,2422,1356,1416,8514,1452,5373
"Pocillopora_acuta_HIv2___RNAseq.g19854.t1",49,47,6067,4350,242,2291,715,65,38,1572,29
"Pocillopora_acuta_HIv2___RNAseq.g23658.t1",33,20,20,13,28,16,9,9,32,11,29
"Pocillopora_acuta_HIv2___RNAseq.g23294.t1",317,166,165,254,206,143,203,110,308,125,265
"Pocillopora_acuta_HIv2___TS.g21744.t2",156,55,66,61,102,14,58,29,109,25,67
"Pocillopora_acuta_HIv2___RNAseq.g16158.t1",1106,407,23827,36393,416,45655,8869,1331,693,8248,724
"Pocillopora_acuta_HIv2___RNAseq.g27280.t1",1192,1950,1515,1614,1730,1670,1722,1846,1320,1626,380
"Pocillopora_acuta_HIv2___RNAseq.g25991.t1",166,477,290,380,357,574,337,431,227,391,113
"Pocillopora_acuta_HIv2___TS.g4694.t1",22,18,22,20,13,15,11,6,38,11,76
"Pocillopora_acuta_HIv2___RNAseq.g5926.t1",372,240,217,233,310,271,232,267,517,251,239
"Pocillopora_acuta_HIv2___RNAseq.g14481.t1",318,631,756,781,572,708,698,525,317,526,107
"Pocillopora_acuta_HIv2___TS.g15376.t1",89,53,56,38,39,49,28,50,109,32,93
"Pocillopora_acuta_HIv2___RNAseq.g19760.t1",501,465,461,355,354,454,441,298,645,394,389
"Pocillopora_acuta_HIv2___RNAseq.g5126.t1",30,18,1221,1265,57,535,174,25,29,278,7
"Pocillopora_acuta_HIv2___RNAseq.g17089.t1",27,39,4850,1127,91,863,1089,75,33,1462,22
"Pocillopora_acuta_HIv2___RNAseq.g11095.t1",1482,3681,1327,2328,3758,3973,3596,2897,1489,2714,395
"Pocillopora_acuta_HIv2___RNAseq.g23636.t1",69,110,15449,11285,937,5714,1182,92,94,2441,84
"Pocillopora_acuta_HIv2___RNAseq.g8219.t1",1060,747,824,457,689,479,645,352,604,425,303
"Pocillopora_acuta_HIv2___RNAseq.g15232.t1",140,41,81,57,58,87,43,49,172,60,76
"Pocillopora_acuta_HIv2___RNAseq.g15230.t1",2391,1743,1873,1918,1838,1827,1831,1580,2677,1841,972
"Pocillopora_acuta_HIv2___RNAseq.g28755.t1",44,18,9,4,7,13,17,9,29,14,22
"Pocillopora_acuta_HIv2___TS.g13592.t1c",129,46,57,40,77,88,39,59,147,87,185
"Pocillopora_acuta_HIv2___RNAseq.g17463.t1",1316,5589,4674,4800,2209,5255,4953,5026,1426,2973,447
"Pocillopora_acuta_HIv2___RNAseq.g10913.t1",933,944,1430,1604,1017,1460,1030,1198,814,1339,219
"Pocillopora_acuta_HIv2___RNAseq.g15227.t1",111,667,431,361,270,457,273,508,114,192,51
"Pocillopora_acuta_HIv2___RNAseq.g19278.t1",95,80,52,63,77,56,58,42,186,40,93
"Pocillopora_acuta_HIv2___RNAseq.g8115.t1",107,56,49,68,70,68,72,73,109,50,117
"Pocillopora_acuta_HIv2___TS.g4023.t2",1612,1847,1762,1949,1976,2064,1651,1967,1474,1891,626
"Pocillopora_acuta_HIv2___TS.g6598.t2",300,578,675,471,623,537,604,509,428,544,107
"Pocillopora_acuta_HIv2___RNAseq.g4635.t1",440,295,277,239,338,380,323,308,542,302,313
"Pocillopora_acuta_HIv2___RNAseq.g6573.t1",51,150,148,167,272,162,283,69,37,316,15
"Pocillopora_acuta_HIv2___RNAseq.g6571.t1",92,151,77,215,184,295,433,98,28,251,7
"Pocillopora_acuta_HIv2___RNAseq.g30329.t1",74,37,104,33,79,14,58,29,102,27,39
"Pocillopora_acuta_HIv2___RNAseq.g10680.t1a",304,164,196,157,283,139,252,131,297,193,101
"Pocillopora_acuta_HIv2___RNAseq.g103.t1",27,23,892,1148,76,535,123,41,34,126,23
"Pocillopora_acuta_HIv2___RNAseq.g17616.t1",1561,937,394,546,489,1009,605,711,1453,588,749
"Pocillopora_acuta_HIv2___RNAseq.g28488.t2",400,488,484,309,429,303,491,246,501,380,299
"Pocillopora_acuta_HIv2___RNAseq.g25055.t1",69,39,24,6,29,30,25,27,103,16,48
"Pocillopora_acuta_HIv2___RNAseq.g24345.t1",51,8,7,0,21,10,37,18,54,16,102
"Pocillopora_acuta_HIv2___RNAseq.g8078.t1",159,526,307,239,224,615,350,399,152,298,40
"Pocillopora_acuta_HIv2___TS.g15372.t1",317,109,165,128,134,154,67,136,375,105,192
"Pocillopora_acuta_HIv2___RNAseq.g17261.t1",261,402,150,211,184,221,208,141,739,150,408
"Pocillopora_acuta_HIv2___RNAseq.g22195.t1",576,399,510,441,518,469,438,397,803,487,303
"Pocillopora_acuta_HIv2___TS.g3574.t1",18,19,1274,789,19,386,266,32,21,108,10
"Pocillopora_acuta_HIv2___RNAseq.g14242.t1",25,49,325,669,32,477,100,37,35,86,23
"Pocillopora_acuta_HIv2___RNAseq.g239.t1",284,233,24,34,94,211,144,174,433,108,664
"Pocillopora_acuta_HIv2___RNAseq.g4718.t1",595,353,281,261,318,303,457,321,498,254,300
"Pocillopora_acuta_HIv2___RNAseq.g17614.t1",276,153,78,73,94,137,220,92,377,86,317
"Pocillopora_acuta_HIv2___TS.g18650.t1",377,120,288,190,198,149,177,150,495,177,234
"Pocillopora_acuta_HIv2___RNAseq.g4609.t1",1931,522,280,218,308,497,318,327,2065,311,831
"Pocillopora_acuta_HIv2___TS.g791.t1",517,263,126,68,88,393,93,197,672,142,559
"Pocillopora_acuta_HIv2___RNAseq.g22429.t1",13,452,40,239,525,258,229,514,87,95,8
"Pocillopora_acuta_HIv2___TS.g4810.t1",59,133,638,591,66,394,200,54,44,210,15
"Pocillopora_acuta_HIv2___RNAseq.g25063.t1",11,6,1660,1171,47,632,160,20,22,347,9
"Pocillopora_acuta_HIv2___RNAseq.g5165.t1",389,222,314,310,327,282,274,263,682,316,289
"Pocillopora_acuta_HIv2___RNAseq.g26965.t1b",77,57,38,36,57,52,41,37,104,44,65
"Pocillopora_acuta_HIv2___RNAseq.g1133.t1",60,111,101,139,124,110,100,119,87,145,22
"Pocillopora_acuta_HIv2___TS.g16062.t2",985,5248,3042,3501,6061,2715,5258,2632,875,2906,680
"Pocillopora_acuta_HIv2___TS.g26653.t2a",45,17,14,5,16,12,34,13,37,12,45
"Pocillopora_acuta_HIv2___TS.g16264.t1",458,289,131,153,317,224,302,275,462,228,246
"Pocillopora_acuta_HIv2___RNAseq.g1972.t1",22,23,2536,2033,87,387,317,26,18,230,13
"Pocillopora_acuta_HIv2___RNAseq.g540.t1",20,8,35,9,16,17,9,21,50,14,153
"Pocillopora_acuta_HIv2___RNAseq.g26040.t1",94,64,48,65,73,43,60,54,111,72,128
"Pocillopora_acuta_HIv2___RNAseq.g10522.t1",2172,1347,1440,809,2484,1001,1423,921,1878,1038,873
"Pocillopora_acuta_HIv2___RNAseq.g17887.t1",1779,2338,2553,2471,2416,2099,2467,2317,1844,2278,669
"Pocillopora_acuta_HIv2___TS.g17781.t1",1052,999,467,727,536,550,618,461,1340,628,576
"Pocillopora_acuta_HIv2___RNAseq.g25220.t1",50,404,255,221,76,307,381,405,68,155,39
"Pocillopora_acuta_HIv2___TS.g15356.t1",45,76,7582,8126,66,3645,1046,102,48,821,71
"Pocillopora_acuta_HIv2___RNAseq.g4697.t1",582,564,317,410,307,468,282,314,1250,308,611
"Pocillopora_acuta_HIv2___RNAseq.g13458.t1",64,151,134,163,159,126,136,135,79,111,24
"Pocillopora_acuta_HIv2___TS.g15812.t1c",3008,483,261,416,438,119,299,142,2906,134,1347
"Pocillopora_acuta_HIv2___RNAseq.g24551.t1",9,20,2355,1838,66,532,565,27,26,182,10
"Pocillopora_acuta_HIv2___RNAseq.g17719.t1",146,108,144,93,139,76,94,60,179,95,78
"Pocillopora_acuta_HIv2___RNAseq.g29042.t1",18,40,1505,1230,107,470,218,64,18,278,6
"Pocillopora_acuta_HIv2___RNAseq.g25434.t1",494,253,282,186,341,148,247,143,489,252,216
"Pocillopora_acuta_HIv2___RNAseq.g13916.t1",6,17,3528,3174,103,1332,218,22,12,753,33
"Pocillopora_acuta_HIv2___TS.g23498.t1",495,532,14940,7328,1417,3493,3270,750,608,2884,125
"Pocillopora_acuta_HIv2___RNAseq.g4251.t1",32,52,5892,3245,303,1196,977,48,64,1130,29
"Pocillopora_acuta_HIv2___RNAseq.g13295.t3",347,105,147,111,153,227,182,113,467,156,129
"Pocillopora_acuta_HIv2___TS.g12680.t1",394,563,622,607,596,579,458,543,361,529,98
"Pocillopora_acuta_HIv2___RNAseq.g22816.t1",23773,20227,14995,18558,20496,17050,18198,17048,37366,12880,17500
"Pocillopora_acuta_HIv2___RNAseq.g30916.t1",21,17,28,52,29,52,52,46,21,62,7
"Pocillopora_acuta_HIv2___RNAseq.g24810.t1",174,196,108,84,177,96,166,138,207,112,102
"Pocillopora_acuta_HIv2___RNAseq.g13001.t1",301,251,425,201,288,154,214,129,483,161,241
"Pocillopora_acuta_HIv2___RNAseq.g11857.t1",1484,2238,2167,2694,2766,2945,2624,2980,2343,2904,606
"Pocillopora_acuta_HIv2___RNAseq.g25494.t1",1029,672,1731,1038,432,673,2308,270,5198,346,1726
"Pocillopora_acuta_HIv2___RNAseq.g3080.t1",685,503,626,637,550,434,477,215,1034,217,498
"Pocillopora_acuta_HIv2___TS.g23690.t1",1312,959,1200,936,1334,889,920,773,1654,1101,669
"Pocillopora_acuta_HIv2___RNAseq.g9412.t1",148,100,85,71,39,63,91,58,197,73,63
"Pocillopora_acuta_HIv2___TS.g5389.t1",34,103,148,101,130,67,191,50,38,102,8
"Pocillopora_acuta_HIv2___RNAseq.g24386.t1",77,66,27,12,56,24,100,22,90,38,41
"Pocillopora_acuta_HIv2___TS.g13969.t1",489,550,1022,1155,1011,886,787,1120,470,1026,168
"Pocillopora_acuta_HIv2___RNAseq.g22876.t1",10,14,2371,1997,157,1042,442,9,15,739,10
"Pocillopora_acuta_HIv2___RNAseq.179_t",8,5,981,578,62,152,103,28,12,134,0
"Pocillopora_acuta_HIv2___RNAseq.g10306.t1",29,60,3489,2208,121,1191,711,30,58,828,30
"Pocillopora_acuta_HIv2___RNAseq.g8580.t1",730,249,105,48,83,243,135,144,935,169,283
"Pocillopora_acuta_HIv2___RNAseq.g22338.t1b",65,67,37,14,87,17,53,25,50,35,79
"Pocillopora_acuta_HIv2___RNAseq.g13797.t1",173,337,423,297,305,339,249,320,163,273,66
"Pocillopora_acuta_HIv2___RNAseq.g28156.t1",67,251,59,2948,1046,2653,99,1481,83,124,96
"Pocillopora_acuta_HIv2___RNAseq.g20750.t1",28,17,21,8,18,5,13,12,31,16,15
"Pocillopora_acuta_HIv2___TS.g16837.t2",1715,962,867,956,1091,1137,832,873,2208,1072,800
"Pocillopora_acuta_HIv2___RNAseq.g4071.t1",103,96,20,46,51,40,98,34,115,32,165
"Pocillopora_acuta_HIv2___RNAseq.g14381.t1",24,51,407,756,20,416,202,22,29,91,7
"Pocillopora_acuta_HIv2___RNAseq.g13918.t1",6,9,1456,1222,47,651,74,6,23,281,5
"Pocillopora_acuta_HIv2___RNAseq.g16272.t1",369,726,1314,727,684,906,966,590,387,796,155
"Pocillopora_acuta_HIv2___RNAseq.g15466.t1",136,81,114,87,101,73,99,63,114,67,88
"Pocillopora_acuta_HIv2___RNAseq.g29832.t1",108,113,2629,2307,192,1295,267,125,91,799,58
"Pocillopora_acuta_HIv2___RNAseq.g25053.t1",262,81,22,44,37,104,44,66,380,62,156
"Pocillopora_acuta_HIv2___RNAseq.g23306.t1",135,83,68,51,52,63,71,40,117,78,107
"Pocillopora_acuta_HIv2___RNAseq.g17840.t1",573,191,75,55,57,249,137,118,438,126,273
"Pocillopora_acuta_HIv2___RNAseq.g14788.t1",118,112,16,59,92,58,75,46,211,56,89
"Pocillopora_acuta_HIv2___RNAseq.17575_t",81,136,503,429,148,205,219,99,58,285,20
"Pocillopora_acuta_HIv2___RNAseq.g28515.t1",400,3812,1107,3455,5832,3536,1827,3813,661,1236,394
"Pocillopora_acuta_HIv2___RNAseq.g17511.t1",133,167,24012,19316,1557,15723,3621,136,157,12792,176
"Pocillopora_acuta_HIv2___RNAseq.g26274.t1",1350,1162,1188,952,1211,984,1287,945,1404,1088,861
"Pocillopora_acuta_HIv2___RNAseq.3335_t",2892,577,2002,938,263,427,1875,117,13222,317,4773
"Pocillopora_acuta_HIv2___RNAseq.g22425.t1",395,196,195,196,183,205,195,172,350,216,102
"Pocillopora_acuta_HIv2___RNAseq.g13871.t1",706,1280,965,1002,1157,953,1092,1018,792,1079,254
"Pocillopora_acuta_HIv2___RNAseq.g11864.t1",438,1110,1399,1397,1344,1425,1114,1287,822,1031,104
"Pocillopora_acuta_HIv2___RNAseq.g21957.t1",839,1270,2763,2523,1420,1862,1533,1156,856,1609,288
"Pocillopora_acuta_HIv2___TS.g11695.t2",78,435,73,131,68,406,207,231,77,315,18
"Pocillopora_acuta_HIv2___TS.g9777.t1",1696,2623,3975,4517,2654,2382,3044,5026,1927,3336,703
"Pocillopora_acuta_HIv2___TS.g7019.t1",248,130,83,84,53,106,100,82,208,85,76
"Pocillopora_acuta_HIv2___RNAseq.g2136.t1",46,40,3288,2270,198,751,434,26,29,469,22
"Pocillopora_acuta_HIv2___RNAseq.g29652.t1",9,18,3394,2725,240,1392,386,24,9,407,7
"Pocillopora_acuta_HIv2___TS.g12386.t1",17,21,5354,3849,59,772,482,44,19,227,13
"Pocillopora_acuta_HIv2___RNAseq.g15411.t1",308,191,17,37,75,58,68,71,179,32,230
"Pocillopora_acuta_HIv2___TS.15401_t",74,29,9,17,18,15,18,39,87,15,21
"Pocillopora_acuta_HIv2___RNAseq.g27081.t1",264,194,45,69,239,91,129,140,278,116,163
"Pocillopora_acuta_HIv2___RNAseq.g3846.t1",243,373,592,505,452,395,389,548,263,420,58
"Pocillopora_acuta_HIv2___RNAseq.g25364.t1",500,657,681,694,673,701,652,798,424,673,172
"Pocillopora_acuta_HIv2___RNAseq.g714.t1",71,64,41,22,12,60,35,30,120,29,149
"Pocillopora_acuta_HIv2___RNAseq.g13807.t1",196,152,170,114,182,99,136,105,206,112,349
"Pocillopora_acuta_HIv2___RNAseq.g5513.t1",172,139,152,99,174,92,154,119,172,89,78
"Pocillopora_acuta_HIv2___TS.g4333.t1",154,195,261,394,204,293,220,239,201,268,49
"Pocillopora_acuta_HIv2___RNAseq.g14311.t2",85,31,63,47,29,29,29,25,95,27,57
"Pocillopora_acuta_HIv2___TS.g1450.t1",48,23,23,14,27,15,23,22,106,29,28
"Pocillopora_acuta_HIv2___RNAseq.g22061.t1",104,201,225,244,263,251,188,202,126,164,63
"Pocillopora_acuta_HIv2___RNAseq.g556.t1",498,759,862,759,853,571,873,776,542,758,182
"Pocillopora_acuta_HIv2___RNAseq.g5963.t1",59,24,14,12,74,15,17,21,90,36,72
"Pocillopora_acuta_HIv2___TS.g20734.t1",10943,14831,34454,29519,22388,21241,20133,13958,10469,21941,4000
"Pocillopora_acuta_HIv2___RNAseq.g24942.t1b",4860,4246,3972,3685,5145,4397,4924,3262,7796,3970,3987
"Pocillopora_acuta_HIv2___RNAseq.g19590.t1",156,191,295,300,169,243,287,200,69,362,46
"Pocillopora_acuta_HIv2___RNAseq.g13303.t1",2197,1603,1142,1139,1749,1756,1541,1579,2853,1707,1197
"Pocillopora_acuta_HIv2___RNAseq.g2512.t1",1112,2269,3359,3245,2632,2190,1695,2578,1332,1593,386
"Pocillopora_acuta_HIv2___RNAseq.g9428.t1",135,79,114,87,66,52,87,73,151,94,99
"Pocillopora_acuta_HIv2___RNAseq.g24121.t1",23,21,5063,3031,96,1126,250,18,11,602,19
"Pocillopora_acuta_HIv2___RNAseq.g14493.t1",736,1185,856,1081,1168,1009,1043,1049,623,971,236
"Pocillopora_acuta_HIv2___TS.g6501.t1",10,16,1875,1787,69,396,197,25,12,247,5
"Pocillopora_acuta_HIv2___RNAseq.g19835.t1",202,130,12,19,55,132,26,83,274,39,461
"Pocillopora_acuta_HIv2___TS.g23786.t1",936,552,111,128,133,421,214,164,2395,240,2400
"Pocillopora_acuta_HIv2___RNAseq.g26662.t1",223,120,108,108,89,126,70,131,395,98,183
"Pocillopora_acuta_HIv2___RNAseq.g5108.t1a",87,48,36,28,54,29,53,75,80,71,241
"Pocillopora_acuta_HIv2___RNAseq.g6351.t1",2158,5221,17529,11913,5745,5386,5665,4905,2576,5634,951
"Pocillopora_acuta_HIv2___RNAseq.5937_t",258,274,248,214,223,207,257,178,345,208,221
"Pocillopora_acuta_HIv2___RNAseq.g18962.t1",361,369,216,170,503,168,488,185,530,348,427
"Pocillopora_acuta_HIv2___RNAseq.g2959.t1",561,381,146,169,463,243,885,239,917,641,1807
"Pocillopora_acuta_HIv2___RNAseq.g22281.t1",219,485,481,388,570,776,551,805,297,729,78
"Pocillopora_acuta_HIv2___RNAseq.g23187.t1",321,192,33,63,36,122,103,117,277,57,201
"Pocillopora_acuta_HIv2___RNAseq.6205_t",95,131,124,51,149,63,95,75,145,82,95
"Pocillopora_acuta_HIv2___RNAseq.g5454.t1",24,22,18,17,16,9,8,0,54,8,55
"Pocillopora_acuta_HIv2___TS.g16161.t1",253,461,405,390,456,391,369,419,187,373,104
"Pocillopora_acuta_HIv2___TS.g26760.t1",23962,2490,667,955,3259,2892,1940,4120,14424,3624,11643
"Pocillopora_acuta_HIv2___TS.g19499.t2",1011,1391,1782,1721,2281,1424,1562,3751,1146,2178,313
"Pocillopora_acuta_HIv2___RNAseq.1016_t",56,65,5147,3711,236,1577,892,47,29,1122,48
"Pocillopora_acuta_HIv2___RNAseq.g24913.t1",310,2875,189,5151,2372,2254,450,2926,575,634,153
"Pocillopora_acuta_HIv2___RNAseq.g3105.t1",68,131,190,120,130,103,130,131,76,150,25
"Pocillopora_acuta_HIv2___RNAseq.g22885.t1",13910,7040,3945,6130,4598,7230,6142,5679,20623,4417,10680
"Pocillopora_acuta_HIv2___RNAseq.g18721.t1",682,480,473,503,653,553,668,579,907,531,736
"Pocillopora_acuta_HIv2___TS.g15403.t1",136,6,8,0,22,22,15,26,61,13,47
"Pocillopora_acuta_HIv2___RNAseq.g4375.t1",1871,1452,641,728,1292,1472,1660,949,2610,1069,1553
"Pocillopora_acuta_HIv2___RNAseq.g8763.t1",436,475,346,251,286,297,320,304,550,351,379
"Pocillopora_acuta_HIv2___RNAseq.g18229.t2",2441,1311,474,701,1073,1497,1326,945,2741,1099,1922
"Pocillopora_acuta_HIv2___RNAseq.g25206.t1",1275,693,671,566,801,760,684,889,1230,924,696
"Pocillopora_acuta_HIv2___RNAseq.g20330.t1a",153,43,89,70,64,48,48,38,160,71,131
"Pocillopora_acuta_HIv2___RNAseq.g6644.t1",11,11,351,252,7,767,22,7,5,50,0
"Pocillopora_acuta_HIv2___RNAseq.g4293.t1",126,133,2960,4653,152,3088,474,116,152,573,37
"Pocillopora_acuta_HIv2___RNAseq.g16361.t1",182,175,149,110,163,144,128,98,207,130,129
"Pocillopora_acuta_HIv2___RNAseq.g16367.t1",839,924,1200,1256,1231,1084,1067,1245,677,1166,263
"Pocillopora_acuta_HIv2___RNAseq.g25560.t1",802,504,264,167,151,841,337,441,1419,295,1515
"Pocillopora_acuta_HIv2___RNAseq.g23709.t1",8,30,58,44,25,27,53,22,15,47,3
"Pocillopora_acuta_HIv2___RNAseq.g638.t1",62,25,19,19,15,12,32,15,93,36,15
"Pocillopora_acuta_HIv2___RNAseq.g18768.t1",606,702,1490,1607,818,1074,834,763,415,1025,198
"Pocillopora_acuta_HIv2___RNAseq.g24158.t1",196,358,273,278,265,278,354,283,160,248,41
"Pocillopora_acuta_HIv2___RNAseq.g11125.t1",581,13086,1562,2563,8674,6775,2740,6020,1472,2062,327
"Pocillopora_acuta_HIv2___RNAseq.24041_t",443,496,478,992,770,687,805,436,340,1163,90
"Pocillopora_acuta_HIv2___RNAseq.g5475.t1",4,15,646,586,16,160,66,16,12,80,0
"Pocillopora_acuta_HIv2___RNAseq.g29883.t3",60,40,31,14,30,29,33,21,52,18,36
"Pocillopora_acuta_HIv2___RNAseq.g7668.t1",2367,1320,1251,1530,1123,1878,952,861,4701,1150,1077
"Pocillopora_acuta_HIv2___TS.g3367.t1a",46,27,5,11,30,13,38,23,64,13,28
"Pocillopora_acuta_HIv2___TS.g12231.t1",933,632,582,418,428,360,678,403,963,354,384
"Pocillopora_acuta_HIv2___RNAseq.g298.t1",248,700,1003,712,477,812,785,642,309,534,167
"Pocillopora_acuta_HIv2___RNAseq.g30757.t1",328,619,561,435,605,439,567,537,389,512,101
"Pocillopora_acuta_HIv2___TS.g26428.t1",792,2028,1432,1517,1691,1364,1355,1823,853,1253,347
"Pocillopora_acuta_HIv2___RNAseq.g3902.t1",1159,6724,1734,1428,6469,7761,14653,6609,1336,8179,383
"Pocillopora_acuta_HIv2___TS.g10972.t1",86,42,33,28,44,30,45,17,55,44,52
"Pocillopora_acuta_HIv2___TS.g10013.t3",2872,3525,3474,3560,3753,3242,3631,3477,2714,3402,1167
"Pocillopora_acuta_HIv2___TS.g13319.t1",154,54,63,31,38,44,40,44,173,54,70
"Pocillopora_acuta_HIv2___RNAseq.g31388.t1",43,23,26,17,20,10,21,12,36,11,51
"Pocillopora_acuta_HIv2___TS.g27624.t4b",3105,1642,1076,1272,2356,1882,1884,1178,2955,1870,1290
"Pocillopora_acuta_HIv2___RNAseq.g22513.t1",17,31,4097,3137,105,1273,356,28,23,878,10
"Pocillopora_acuta_HIv2___RNAseq.g18533.t1",468,175,306,272,196,249,182,179,532,203,317
"Pocillopora_acuta_HIv2___RNAseq.g17064.t1",86,711,588,5073,3417,812,152,819,203,2008,49
"Pocillopora_acuta_HIv2___TS.g7449.t1",149,111,43,34,31,73,40,55,135,38,97
"Pocillopora_acuta_HIv2___TS.g11145.t1",51,143,15720,6522,1923,2616,3176,29,30,2971,44
"Pocillopora_acuta_HIv2___RNAseq.g11320.t1",100,135,4482,3434,410,1130,881,236,159,734,46
"Pocillopora_acuta_HIv2___RNAseq.g4161.t1",21,49,454,431,73,136,95,71,25,125,19
"Pocillopora_acuta_HIv2___TS.g31.t1",814,1487,1207,1319,1302,1382,1482,1203,1082,1169,328
"Pocillopora_acuta_HIv2___RNAseq.g19477.t1",2457,726,394,506,660,320,924,457,5990,429,2265
"Pocillopora_acuta_HIv2___TS.g13028.t1",4417,6822,6244,6205,6364,6654,6642,6908,5412,5896,1616
"Pocillopora_acuta_HIv2___RNAseq.g30028.t1",78,298,78,363,524,489,252,336,143,216,33
"Pocillopora_acuta_HIv2___TS.g11441.t1",44,22,35,28,37,16,38,21,36,21,60
"Pocillopora_acuta_HIv2___RNAseq.g8915.t1",1189,359,256,189,175,636,555,315,1437,279,574
"Pocillopora_acuta_HIv2___RNAseq.24379_t",1050,1471,1219,1243,1456,1377,1581,1349,1052,1338,374
"Pocillopora_acuta_HIv2___RNAseq.g6211.t1",318,147,157,135,119,153,181,120,298,236,278
"Pocillopora_acuta_HIv2___RNAseq.g2942.t1",1782,3019,2278,2584,2534,2300,2431,2569,1887,2514,551
"Pocillopora_acuta_HIv2___RNAseq.g23977.t1",37,21,33,11,36,16,23,9,55,7,10
"Pocillopora_acuta_HIv2___RNAseq.g3798.t1",173,190,174,105,165,117,134,95,199,111,161
"Pocillopora_acuta_HIv2___RNAseq.g25946.t1",16,122,52,78,25,94,70,89,4,118,4
"Pocillopora_acuta_HIv2___TS.g15618.t1",74,55,61,48,97,36,52,55,140,54,55
"Pocillopora_acuta_HIv2___RNAseq.g10871.t1",46,74,79,108,170,195,123,109,48,88,9
"Pocillopora_acuta_HIv2___RNAseq.g29317.t1",681,263,360,453,457,321,432,447,626,384,487
"Pocillopora_acuta_HIv2___TS.g28751.t1",2973,965,535,602,661,1269,891,788,3820,668,3763
"Pocillopora_acuta_HIv2___RNAseq.g15370.t1",78,57,13,19,38,38,109,15,103,33,70
"Pocillopora_acuta_HIv2___RNAseq.g2144.t1",381,491,642,737,588,586,804,596,448,600,111
"Pocillopora_acuta_HIv2___RNAseq.g11638.t1",881,1350,8975,16150,1168,11067,3994,1202,792,2276,248
"Pocillopora_acuta_HIv2___RNAseq.g31144.t1",2129,1681,2028,1705,1809,1778,1647,1349,2375,1503,1139
"Pocillopora_acuta_HIv2___RNAseq.g7078.t1",1366,4672,10687,7900,3949,5868,3603,2478,2377,3413,393
